pprojid	ptitle	data_owner	projid	title	license	use	lat,lon OK in ecopart (0=no, 1=ok)	faulty_lights_fix (0=no, 1=not needed, 2=filtered)	flag_2_in_ecotaxa
1	uvp5_sn003_jerico_2017	lars.stemmann@obs-vlfr.fr	578	UVP5 JERICO 2017		x	1	1	
2	uvp5_sn000_boum2008	lars.stemmann@obs-vlfr.fr	122	UVP5 BOUM 2008		x	1	1	
3	uvp5_sn000_ccelter_2012	lars.stemmann@obs-vlfr.fr	45	UVP5 CCELTER (Iter2008 ccelter_2012 ccelter_2014)	CC BY 4.0	x	1	1	
4	uvp5_sn000_lohafex2009	lars.stemmann@obs-vlfr.fr	109	UVP5 LOHAFEX 2009	CC0 1.0	x	1	1	
5	uvp5_sn000_lter2008	lars.stemmann@obs-vlfr.fr	45	UVP5 CCELTER (Iter2008 ccelter_2012 ccelter_2014)	CC BY 4.0	x	1	1	
6	uvp5_sn000_tara2009	lars.stemmann@obs-vlfr.fr	579	UVP5 Tara Oceans (tara2009, tara2010, tara2011, tara2012, tara2013)	CC BY 4.0	x	1	1	
7	uvp5_sn000_tara2010	lars.stemmann@obs-vlfr.fr	579	UVP5 Tara Oceans (tara2009, tara2010, tara2011, tara2012, tara2013)	CC BY 4.0	x	1	1	
9	uvp5_sn000_tara2012	lars.stemmann@obs-vlfr.fr	579	UVP5 Tara Oceans (tara2009, tara2010, tara2011, tara2012, tara2013)	CC BY 4.0	x	1	1	
10	uvp5_sn002_moose_dyf_2013	lars.stemmann@obs-vlfr.fr	35	UVP5 Dyfamed 2013 2014 2015 2016 2017 2018		x	1	1	
11	uvp5_sn002_moose_dyf_2014	lars.stemmann@obs-vlfr.fr	35	UVP5 Dyfamed 2013 2014 2015 2016 2017 2018		x	1	1	
12	uvp5_sn002_moose_dyf_2015	lars.stemmann@obs-vlfr.fr	35	UVP5 Dyfamed 2013 2014 2015 2016 2017 2018		x	1	1	
13	uvp5_sn002_moose_dyf_2016	lguidi@obs-vlfr.fr	35	UVP5 Dyfamed 2013 2014 2015 2016 2017 2018		x	1	1	
14	uvp5_sn002_moose_dyf_2017	coppola@obs-vlfr.fr	35	UVP5 Dyfamed 2013 2014 2015 2016 2017 2018		x	1	1	
15	uvp5_sn002_moose_ge_2013	lars.stemmann@obs-vlfr.fr	30	UVP5 MooseGE 2012 2013 2014 2015 2016	CC BY-NC 4.0	x	1	1	
16	uvp5_sn000_malina2009	lars.stemmann@obs-vlfr.fr	28	UVP5 MALINA 2009	CC BY 4.0	x	1	1	
17	uvp5_sn002_moose_ge_2014	lars.stemmann@obs-vlfr.fr	30	UVP5 MooseGE 2012 2013 2014 2015 2016	CC BY-NC 4.0	x	1	1	
18	uvp5_sn002_moose_ge_2016_filtered	lguidi@obs-vlfr.fr	30	UVP5 MooseGE 2012 2013 2014 2015 2016	CC BY-NC 4.0		1	2	
19	uvp5_sn000_msm049	stemmann@obs-vlfr.fr	588	UVP5 Geomar 2015 msm049		x	1	1	
20	uvp5_sn000_operex2008	lars.stemmann@obs-vlfr.fr	110	UVP5 OPEREX 2008	CC BY 4.0	x	1	1	
21	uvp5_sn001_2012_moose_ge	stemmann@obs-vlfr.fr	30	UVP5 MooseGE 2012 2013 2014 2015 2016	CC BY-NC 4.0	x	1	1	
22	uvp5_sn001_2012_msm22	stemmann@obs-vlfr.fr	593	UVP5 Geomar 2012 msm22		x	1	1	
23	uvp5_sn001_2012_msm23	stemmann@obs-vlfr.fr	584	UVP5 Geomar 2012 msm23		x	1	1	
24	uvp5_sn001_2013_m92	stemmann@obs-vlfr.fr	556	UVP5 Geomar 2013 m92		x	1	1	
25	uvp5_sn001_2013_m93	stemmann@obs-vlfr.fr	563	UVP5 Geomar 2013 m93		x	1	1	
26	uvp5_sn001_2013_m96	stemmann@obs-vlfr.fr	585	UVP5 Geomar 2013 m96			1	1	
27	uvp5_sn001_2013_m97	stemmann@obs-vlfr.fr	603	UVP5 Geomar 2013 m97			1	1	
28	uvp5_sn001_2013_m98	rainer.kiko@obs-vlfr.fr	610	UVP5 Geomar 2013 m98		x	1	1	
29	uvp5_sn001_2014_msm40	stemmann@obs-vlfr.fr	587	UVP5 Geomar 2014 msm40		x	1	1	
30	uvp5_sn002_iado_2016	irisson@normalesup.org					1	1	
31	uvp5_sn002_moose_ge_2015_filtered	lars.stemmann@obs-vlfr.fr	30	UVP5 MooseGE 2012 2013 2014 2015 2016	CC BY-NC 4.0	x	1	2	
32	uvp5_sn002_somba_ge_2014	lars.stemmann@obs-vlfr.fr	36	UVP5 SOMBA 2014	CC BY 4.0	x	1	1	
33	uvp5_sn002zd_cascade2011	lars.stemmann@obs-vlfr.fr					1	1	
34	uvp5_sn002zd_ccelter_2011	lars.stemmann@obs-vlfr.fr	50	UVP5zd CCELTER 2011	CC BY-NC 4.0	x	1	1	
35	uvp5_sn002zd_gatekeeper2010	lars.stemmann@obs-vlfr.fr	51	UVP5zd Gatekeeper	CC BY 4.0	x	1	1	
36	uvp5_sn002zd_keops2	lars.stemmann@obs-vlfr.fr	56	UVP5zd KEOPS	CC BY 4.0	x	1	1	
37	uvp5_sn002zd_omer	lars.stemmann@obs-vlfr.fr	63	UVP5zd OMER (omer omer_2)			1	1	
38	uvp5_sn002zd_omer_2	lars.stemmann@obs-vlfr.fr	63	UVP5zd OMER (omer omer_2)			1	1	
39	uvp5_sn002zh_tvarmine2012	marc.picheral@obs-vlfr.fr	58	UVP5zh Tvarmine			1	1	
40	uvp5_sn003_2015_kaxis	lars.stemmann@obs-vlfr.fr	124	UVP5 KAXIS 2015	CC BY 4.0		1	1	
41	uvp5_sn003_cassiopee_2015	lars.stemmann@obs-vlfr.fr	38	UVP5 CASSIOPEE 2015	CC BY 4.0	x	1	1	
42	uvp5_sn003_ccelter_2014	lars.stemmann@obs-vlfr.fr	45	UVP5 CCELTER (Iter2008 ccelter_2012 ccelter_2014)	CC BY 4.0	x	1	1	
43	uvp5_sn003_ccelter_2016	tristan.biard@univ-littoral.fr	156	UVP5 CCELTER 2016	CC BY 4.0	x	1	1	
44	uvp5_sn003_dewex_spring_2013	lars.stemmann@obs-vlfr.fr	4	UVP5 DEWEX 2013 (spring)	CC BY 4.0	x	1	1	
45	uvp5_sn003_medsea2013	f.gazeau@obs-vlfr.fr	39	UVP5 MEDSEA 2013 (mesocosm)	CC BY 4.0		1	1	
46	uvp5_sn003_outpace_2015	lguidi@obs-vlfr.fr	37	UVP5 OUTPACE 2015	CC BY 4.0	x	1	1	
47	uvp5_sn003_sargasso_a	lombard@obs-vlfr.fr	22	UVP5 Sargasso 2014 (sargasso_a sargasso_b)	CC BY 4.0	x	1	1	
48	uvp5_sn003_sargasso_b	lombard@obs-vlfr.fr	22	UVP5 Sargasso 2014 (sargasso_a sargasso_b)	CC BY 4.0	x	1	1	
49	uvp5_sn003_tara2013	lars.stemmann@obs-vlfr.fr	579	UVP5 Tara Oceans (tara2009, tara2010, tara2011, tara2012, tara2013)	CC BY 4.0	x	1	1	
50	uvp5_sn003zp_pelgas2012	lars.stemmann@obs-vlfr.fr	59	UVP5zd Pelgas	CC BY-NC 4.0		1	1	
51	uvp5_sn003zp_tara2012	lars.stemmann@obs-vlfr.fr	579	UVP5 Tara Oceans (tara2009, tara2010, tara2011, tara2012, tara2013)	CC BY 4.0	x	1	1	
52	uvp5_sn005_batman	francois.carlotti@mio.osupytheas.fr	80	UVP5 Batman	CC BY-NC 4.0		1	1	
53	uvp5_sn005_dewex_2013_winter	lars.stemmann@obs-vlfr.fr	3	UVP5 DEWEX 2013 (winter)	CC BY 4.0	x	1	1	
54	uvp5_sn005_dy032_2015_filtered	francois.carlotti@mio.osupytheas.fr	40	UVP5 DY032 205	CC BY 4.0	x	1	2	
55	uvp5_sn005_moose_ge_2013	lars.stemmann@obs-vlfr.fr	30	UVP5 MooseGE 2012 2013 2014 2015 2016	CC BY-NC 4.0	x	1	1	
56	uvp5_sn008_an1304	marcel.babin@takuvik.ulaval.ca	41	UVP5 AN Arctique (an1304 an1405 an1407) part A to validate		x	1	1	
57	uvp5_sn008_an1405	marcel.babin@takuvik.ulaval.ca	41	UVP5 AN Arctique (an1304 an1405 an1407) part A to validate		x	1	1	
58	uvp5_sn008_an1406	marcel.babin@takuvik.ulaval.ca	618	UVP5 AN 1406	CC BY-NC 4.0	x	1	1	
59	uvp5_sn008_an1407	marcel.babin@takuvik.ulaval.ca	41	UVP5 AN Arctique (an1304 an1405 an1407) part A to validate		x	1	1	
60	uvp5_sn008_green_2015_icecamp	marcel.babin@takuvik.ulaval.ca	42	UVP5 GREEN EDGE Ice Camp 2015	CC BY-NC 4.0	x	1	1	
61	uvp5_sn008_green_2016_icecamp	marcel.babin@takuvik.ulaval.ca	315	UVP5 GREEN EDGE Ice Camp 2016	CC BY-NC 4.0	x	1	1	
62	uvp5_sn008_subice_2014	stemmann@obs-vlfr.fr	107	UVP5 Subice 2014		x	0	1	
63	uvp5_sn009_2015_goa	amcdonnell@alaska.edu	1904	uvp5_sn009_2015_goa_oa	CC BY 4.0		1	1	
64	uvp5_sn009_2015_p16n	amcdonnell@alaska.edu	43	uvp5_sn009_2015_p16n	CC BY 4.0	x	1	1	
65	uvp5_sn009_2015_p16n_goa	amcdonnell@alaska.edu	43	uvp5_sn009_2015_p16n	CC BY 4.0	x	1	1	
66	uvp5_sn009_sewardline_f2014	amcdonnell@alaska.edu	62	uvp5_sn009_sewardline_f2014	CC BY 4.0		1	1	
67	uvp5_sn009_txs14	amcdonnell@alaska.edu	65	uvp5_sn009_2014_nga_spring	CC BY 4.0		1	0	
68	uvp5_sn010_2014_m105	rkiko@geomar.de	602	UVP5 Geomar 2014 m105		x	1	1	
69	uvp5_sn010_2014_m106	rkiko@geomar.de	595	UVP5 Geomar 2014 m106		x	1	1	
70	uvp5_sn010_2014_m107	rkiko@geomar.de	559	UVP5 Geomar 2014 m107		x	1	1	
71	uvp5_sn010_2014_m108	rkiko@geomar.de	586	UVP5 Geomar 2014 m108		x	1	1	
72	uvp5_sn010_2014_ps88b	rkiko@geomar.de	558	UVP5 Geomar 2014 ps88b		x	1	1	
73	uvp5_sn010_2015_m116	rkiko@geomar.de	589	UVP5 Geomar 2015 m116		x	1	1	
74	uvp5_sn010_2015_m119	rkiko@geomar.de	590	UVP5 Geomar 2015 m119			1	1	
75	uvp5_sn010_2015_m120	rkiko@geomar.de	594	UVP5 Geomar 2015 m120		x	1	1	
76	uvp5_sn010_2015_m121	rkiko@geomar.de	560	UVP5 Geomar 2015 m121		x	1	1	
77	uvp5_sn010_2016_m130	rkiko@geomar.de	214	UVP5 Geomar 2016 m130			1	1	
80	uvp5_sn201_2015_naames_01	emmanuel.boss@maine.edu	617	UVP5hd NAAMES 01			1	1	
81	uvp5_sn201_2016_naames_02	lee.karp-boss@maine.edu	146	UVP5hd NAAMES02	CC BY-NC 4.0	x	1	1	
83	uvp5_sn201_ccelter_2017	tristan.biard@univ-littoral.fr	627	UVP5hd CCELTER 2017	CC BY-NC 4.0	x	1	1	
85	uvp5_sn202_ps99_21_06_3_filtered	andreas.rogge@awi.de, anya.waite@dal.ca	257	UVP5hd PS 99 20 06 03	Copyright		1	2	
86	uvp5_sn203_greenedge_2016	lars.stemmann@obs-vlfr.fr	149	UVP5hd GreenEdge 2016	CC BY-NC 4.0	x	1	1	
87	uvp5_sn203_greenedge_2016_1b	lars.stemmann@obs-vlfr.fr	149	UVP5hd GreenEdge 2016	CC BY-NC 4.0	x	1	1	
90	uvp5_sn003_iado_2017	irisson@normalesup.org	651	UVP5 IADO 2017	CC BY 4.0		1	1	
92	uvp5_sn201_2017_naames_03	lee.karp-boss@maine.edu	637	UVP5hd NAAMES03	CC BY-NC 4.0	x	1	1	
95	uvp5_sn010_2017_m135	rkiko@geomar.de	548	UVP5 Geomar 2017 m135		x	1	1	
96	uvp5_sn010_2017_m136	rkiko@geomar.de	620	UVP5 Geomar 2017 m136			1	1	
97	uvp5_sn010_2017_m137	rkiko@geomar.de	621	UVP5 Geomar 2017 m137			1	1	
98	uvp5_sn010_2017_m138	rkiko@geomar.de	622	UVP5 Geomar 2017 m138		x	1	1	
99	uvp5_sn000_tara2011	lars.stemmann@obs-vlfr.fr	579	UVP5 Tara Oceans (tara2009, tara2010, tara2011, tara2012, tara2013)	CC BY 4.0	x	1	1	
100	uvp5_sn002_moose_ge_2017_filtered	laurent.coppola@obs-vlfr.fr	853	UVP5 MooseGE 2017			1	2	
104	uvp5_sn009_2018_nga_spring_filtered	amcdonnell@alaska.edu	964	uvp5_sn009_2018_nga_spring	CC BY 4.0		1	2	
105	uvp5_sn008_ips_amundsen_2018	marcel.babin@takuvik.ulaval.ca	1165	UVP5 IPS Amundsen 2018	CC BY 4.0	x	1	1	
109	uvp5_sn010_2014_eddy	rkiko@geomar.de	881	UVP5 Geomar 2014  eddy		x	1	1	
110	uvp5_sn010_2017_fluxes1	rainer.kiko@obs-vlfr.fr	507	UVP5 Geomar 2017 fluxes1		x	1	1	
111	uvp5_sn010_2017_fluxes2	rainer.kiko@obs-vlfr.fr	855	UVP5 Geomar 2017 fluxes2			1	1	
112	uvp5_sn009_2017_asgard	amcdonnell@alaska.edu	1261	uvp5_sn009_2017_asgard	CC BY 4.0		1	1	
113	LISST EXPORTS	stuart.halewood@ucsb.edu					#N/A	#N/A	
121	uvp5_sn002_iado_2018	irisson@normalesup.org	1343	UVP5 IADO 2018	CC BY 4.0		1	1	
124	uvp5_sn003_mobydick_2018	enter lguidi@obs-vlfr.fr	1451	Mobydick 2018	CC BY 4.0		1	0	
130	uvp5_sn009_2018_nga_summer_filtered	amcdonnell@alaska.edu	1666	uvp5_sn009_2018_nga_summer	CC BY 4.0		#N/A	#N/A	
131	uvp5_sn009_2018_nga_fall_filtered	smcdonnell@alaska.edu	1692	uvp5_sn009_2018_nga_fall	CC BY 4.0		1	2	
132	uvp5_sn009_pomz	amcdonnell@alaska.edu	1892	uvp5_sn009_2016_pomz	CC BY 4.0		1	2	
134	uvp5_sn205_perle_02_2019_filtered	demadron@univ-perp.fr	2163	UVP5 PERLE 02 2019 (sn205)	CC BY 4.0		1	2	
138	uvp5hd_sn207_2019_i06s_tcn322_filtered	amcdonnell@alaska.edu	2289	uvp5hd_sn207_2019_i06s_tcn322	CC BY 4.0		1	2	
139	uvp5_sn009_2019_nga_lter_spring_filtered	amcdonnell@alaska.edu	4019	uvp5_sn009_2019_nga_lter_spring			1	2	
141	uvp5_sn009_2016_goa_spring	amcdonnell@alaska.edu	2430	uvp5_sn009_2016_nga_spring	CC BY 4.0		1	1	
142	uvp5_sn009_2017_sewardline_fall	amcdonnell@alaska.edu	2417	uvp5_sn009_2017_nga_fall	CC BY 4.0		1	1	
143			583	Zooscan BATS	Copyright		#N/A	#N/A	
144	uvp5_sn003_csiro_iioe	david.antoine@curtin.edu.au	2410	UVP5 CurtinUni IIOE 2019 NEW!	CC BY-NC 4.0		1	1	
146	uvp5_sn009_2016_goa_fall	amcdonnell@alaska.edu	2412	uvp5_sn009_2016_nga_fall	CC BY 4.0		1	1	
147	uvp5_sn009_chukchi_borderlands_2016	amcdonnell@alaska.edu	2431	uvp5_sn009_chukchi_borderlands_2016	CC BY 4.0		1	1	
148	uvp5_sn009_tb14	amcdonnell@alaska.edu	2453	uvp5_sn009_2014_transboundary			0	0	
149	uvp5_sn002_moose_ge_2019	coppola@obs-vlfr.fr	2436	UVP5 MooseGE 2019			1	1	
150	uvp5_sn207_2018_s04p_filtered	amcdonnell@alaska.edu	3373	uvp5_sn207_2018_s04p_filtered	CC BY 4.0		1	2	
151	uvp5_sn009_2019_nga_lter_summer_filtered	amcdonnell@alaska.edu	2464	uvp5_sn009_2019_nga_lter_summer	CC BY 4.0		1	2	
152	UVPsn008_2018_leg02c	marcel.babin@takuvik.ulaval.ca	2469	UVPsn008_2018_leg02c	CC BY-NC 4.0		1	1	
153	uvp5_sn205_coastdark_2019	emilia@iopan.pl	2483	uvp5_sn205_coastdark_2019	CC BY 4.0		1	1	
154	uvp5_sn201_ccelter_2019_filtered	tristan.biard@univ-littoral.fr	2485	UVP5hd CCELTER 2019	CC BY-NC 4.0		1	2	
161	uvp5_sn008_uvp_azomp	igor.yashayaev@dfo-mpo.gc.ca	2489	DFO AZOMP Labrador Sea 2019 UVP5			1	0	
163							#N/A	#N/A	
164	uvp5_sn005_moose_antares_2020b						0	0	
165	uvp5_sn005_moose_antares_201718	francois.carlotti@mio.osupytheas.fr					0	0	
166	uvp5_sn002_moose_dyf_2018	coppola@obs-vlfr.fr	35	UVP5 Dyfamed 2013 2014 2015 2016 2017 2018		x	1	1	
167	UEA_SV						#N/A	#N/A	
168	uvp5_sn200_moose_ge_2018_filtered	coppola@obs-vlfr.fr	2784	UVP5 MooseGE 2018			1	2	
169	Test_Heringslarven						#N/A	#N/A	
171	uvp5_sn010_2018_m147	rainer.kiko@obs-vlfr.fr	2806	UVP5 Geomar 2018 m147			1	1	
172	uvp5_sn010_2018_m145	rainer.kiko@obs-vlfr.fr	2807	UVP5 Geomar 2018 m145			1	1	
173	uvp5_sn010_2018_m148	rainer.kiko@obs-vlfr.fr	2808	UVP5 Geomar 2018 m148			1	1	
183	uvp-test						0	0	
186	uvp-test-2	enter op. email					#N/A	#N/A	
191	UVP5_UofSC		2551	UofSC Bermuda Atlantic Time Series UVP5_2019	Copyright		#N/A	#N/A	
192	uvp6_sn000002lp_20190724_intercalibrage	marc.picheral@obs-vlfr.fr	3039	uvp6_sn000002lp_20190724_intercalibrage	CC BY 4.0		#N/A	#N/A	
193	uvp6_sn000004lp_20190724_intercalibrage	marc.picheral@obs-vlfr.fr	3040	uvp6_sn000004lp_20190724_intercalibrage	CC BY 4.0		#N/A	#N/A	
194	uvp6_sn000005lp_20200130_20200221_intercalibrage	marc.picheral@obs-vlfr.fr	3004	uvp6_sn000005lp_20200130_20200221_intercalibrage	CC BY 4.0		#N/A	#N/A	
195	uvp6_sn000007lp_20200130_20200221_intercalibrage	marc.picheral@obs-vlfr.fr	3005	uvp6_sn000007lp_20200130_20200221_intercalibrage	CC BY 4.0		#N/A	#N/A	
197	uvp6_sn000010lp_2019_11_cts5_usea_trial	marc.picheral@obs-vlfr.fr	3047	uvp6_sn000010lp_2019_11_cts5_usea_trial	CC BY 4.0		#N/A	#N/A	
198	uvp6_sn000010lp_20190724_intercalibrage	marc.picheral@obs-vlfr.fr	3050	uvp6_sn000010lp_20190724_intercalibrage	CC BY 4.0		#N/A	#N/A	
199	uvp6_sn000010lp_20200130_20200221_intercalibrage	marc.picheral@obs-vlfr.fr	3007	uvp6_sn000010lp_20200130_20200221_intercalibrage	CC BY 4.0		#N/A	#N/A	
200	uvp6_sn000008lp_20200130_20200221_intercalibrage	marc.picheral@obs-vlfr.fr					#N/A	#N/A	
201	uvp6_sn000008lp_20200130_20200221_intercalibrage	marc.picheral@obs-vlfr.fr	3006	uvp6_sn000008lp_20200130_20200221_intercalibrage	CC BY 4.0		#N/A	#N/A	
202	uvp6_sn000002lp_20190724_intercalibrage	marc.picheral@obs-vlfr.fr	3039	uvp6_sn000002lp_20190724_intercalibrage	CC BY 4.0		#N/A	#N/A	
203	uvp6_sn000007lp_20190724_intercalibrage	marc.picheral@obs-vlfr.fr	3056	uvp6_sn000007lp_20190724_intercalibrage	CC BY 4.0		#N/A	#N/A	
204	uvp6_sn000004lp_20190207_intercalibrage	marc.picheral@obs-vlfr.fr					#N/A	#N/A	
205	uvp6_sn000002lp_20190207_intercalibrage	marc.picheral@obs-vlfr.fr					#N/A	#N/A	
206	uvp6_sn000100lp_20200205_intercalibrage	marc.picheral@obs-vlfr.fr	3015	uvp6_sn000100lp_20200205_intercalibrage	CC BY 4.0		#N/A	#N/A	
208	uvp6_sn000101lp_20200130_20200205_intercalibrage	marc.picheral@obs-vlfr.fr	3008	uvp6_sn000101lp_20200130_20200205_intercalibrage	CC BY 4.0		#N/A	#N/A	
209	uvp6_sn000102lp_20200205_intercalibrage	marc.picheral@obs-vlfr.fr	3009	uvp6_sn000102lp_20200205_intercalibrage	CC BY 4.0		#N/A	#N/A	
210	uvp6_sn000103lp_20200130_20200221_intercalibrage	marc.picheral@obs-vlfr.fr	3010	uvp6_sn000103lp_20200130_20200221_intercalibrage	CC BY 4.0		#N/A	#N/A	
211	uvp6_sn000104lp_20200130_20200205_intercalibrage	marc.picheral@obs-vlfr.fr	3011	uvp6_sn000104lp_20200130_20200205_intercalibrage	CC BY 4.0		#N/A	#N/A	
212	uvp6_sn000108lp_20200205_intercalibrage	marc.picheral@obs-vlfr.fr	3063	uvp6_sn000108lp_20200205_intercalibrage	CC BY 4.0		#N/A	#N/A	
213	uvp6_sn000110lp_20200205_intercalibrage	marc.picheral@obs-vlfr.fr	3064	uvp6_sn000110lp_20200205_intercalibrage	CC BY 4.0		#N/A	#N/A	
214	uvp6_sn000111lp_20200130_20200205_intercalibrage	marc.picheral@obs-vlfr.fr	3069	uvp6_sn000111lp_20200130_20200205_intercalibrage	CC BY 4.0		#N/A	#N/A	
215	uvp6_sn000112lp_20200130_20200205_intercalibrage	marc.picheral@obs-vlfr.fr	3016	uvp6_sn000112lp_20200130_20200205_intercalibrage	CC BY 4.0		#N/A	#N/A	
216	uvp6_sn000113lp_20200130_20200205_intercalibrage	marc.picheral@obs-vlfr.fr	3017	uvp6_sn000113lp_20200130_20200205_intercalibrage	CC BY 4.0		#N/A	#N/A	
217	uvp6_sn000114lp_20200130_20200205_intercalibrage	marc.picheral@obs-vlfr.fr	3018	uvp6_sn000114lp_20200130_20200205_intercalibrage	CC BY 4.0		#N/A	#N/A	
218	uvp6_sn000004lp_20190326_seaexplorer_002	marc.picheral@obs-vlfr.fr	3076	uvp6_sn000004lp_20190326_seaexplorer_002	CC BY 4.0		#N/A	#N/A	
219	uvp6_sn000004lp_20190430_nke_float_down	marc.picheral@obs-vlfr.fr	3077	uvp6_sn000004lp_20190430_nke_float_down	CC BY 4.0		#N/A	#N/A	
220	uvp6_sn000003lp_20180702_intercalibrage_bassin	marc.picheral@obs-vlfr.fr					#N/A	#N/A	
221	uvp6_sn000003lp_2018_awi_mooring	andreas.rogge@awi.de	3081	uvp6_sn000003lp_2018_awi_mooring	Copyright		#N/A	#N/A	
222	uvp6_sn000008lp_20190430_nke_float_up	marc.picheral@obs-vlfr.fr	3083	uvp6_sn000008lp_20190430_nke_float_up	CC BY 4.0		#N/A	#N/A	
223	uvp5_sn010_2016_m131	rainer.kiko@obs-vlfr.fr	545	UVP5 Geomar 2016 m131			1	1	
224	uvp6_sn000007lp_2019_seaglider_test_cscs	marc.picheral@obs-vlfr.fr	3116	uvp6_sn000007lp_2019_seaglider_test_cscs	CC BY 4.0		#N/A	#N/A	
225	uvp6_sn000004lp_20190628_nke_float_longue_duree	marc.picheral@obs-vlfr.fr	3115	uvp6_sn000004lp_20190628_nke_float_longue_duree	CC BY 4.0		#N/A	#N/A	
226	uvp5_sn010_2016_love	hhauss@geomar.de	3117	UVP5 Geomar 2016 love	CC0 1.0		1	1	
228	uvp5_sn201_exports01_filtered	emmanuel.boss@maine.edu	1286	UVP5hd EXPORTS NP R/V Roger Revelle	CC BY-NC 4.0		1	2	yes
229	test0609	enter op. email					#N/A	#N/A	
230	uvp5_sn207_2018_exports_np_sr1812_filtered	amcdonnell@alaska.edu	1591	UVP5hd_sn207_2018_Exports_np_sr1812	CC BY 4.0		1	2	yes
231	uvp5_sn202_msm060_filtered	andreas.rogge@awi.de, anya.waite@dal.ca	351	UVP5hd msm060 (2017)	Copyright	x	1	2	
232	uvp5_sn202_msm074_filtered	jkarstensen@geomar.de, andreas.rogge@awi.de, anya.waite@dal.ca	1337	UVP5hd MSM074	Copyright		1	2	
233	uvp6_sn000110lp_2020_07_float_remote	marc.picheral@obs-vlfr.fr					#N/A	#N/A	
234	uvp5_sn009_2018_asgard_filtered	amcdonnell@alaska.edu	1446	uvp5_sn009_2018_asgard	CC BY 4.0		1	2	
235	uvp5_sn200_perle_02_2019_filtered	demadron@univ-perp.fr	2164	UVP5 PERLE 02 2019 (sn200)	CC BY 4.0		1	2	
236	uvp5_sn201_2018_naames_04_filtered	lee.karp-boss@maine.edu	1252	UVP5hd Naames 04	CC BY-NC 4.0	x	1	2	yes
237	uvp5_sn202_ps99_20_06_filtered	andreas.rogge@awi.de, anya.waite@awi.de	256	UVP5hd PS 99 20 06	Copyright		1	2	
238	uvp5_sn205_perle_03_2020_filtered	demadron@univ-perp.fr	2970	UVP5 PERLE 03 2020 (sn205)	CC BY 4.0		1	2	yes
239	uvp5_sn204_arctic2018_all_filtered	andreas.rogge@awi.de	2463	UVP5hd ARCTIC2018	Copyright		0	1	
240	uvp5_sn200_ilhas_2017_filtered	rubens@usp.br	3813	uvp5_sn200_ilhas_2017_filtered_vignettes			1	2	
241	sytumsat1	ytanaka@kaiyodai.ac.jp					#N/A	#N/A	
242	sytumsat1	ytanaka@kaiyodai.ac.jp					#N/A	#N/A	
243	sytumsat1	ytanaka@kaiyodai.ac.jp					#N/A	#N/A	
244	sytumsat1	ytanaka@kaiyodai.ac.jp					#N/A	#N/A	
245	syTUMSAT1	ytanaka@kaiyodai.ac.jp					#N/A	#N/A	
246	uvp5_sn011_2016_syTUMSAT1	ytanaka@kaiyodai.ac.jp	3221	syTUMSAT1			1	1	
247	uvp5_sn011_2017_syTUMSAT2	ytanaka@kaiyodai.ac.jp	3222	syTUMSAT2	CC BY 4.0		1	1	
248	uvp6_sn000007lp_20200702_seaexplorer_test	marc.picheral@obs-vlfr.fr	3251	uvp6_sn000007lp_20200702_seaexplorer_test	CC BY 4.0		#N/A	#N/A	
249	uvp6_sn000110lp_2020_07_float_recover	marc.picheral@obs-vlfr.fr	3278	uvp6_sn000110lp_2020_07_float_recover	CC BY 4.0		#N/A	#N/A	
250	uvp6_sn000006lp_2020_sc_basintest	marc.picheral@obs-vlfr.fr	3327	uvp6_sn000006lp_2020_sc_basintest	CC BY 4.0		#N/A	#N/A	
251	uvp5_sn002_iado_2014	irisson@normalesup.org					1	1	
252	uvp5_sn002_iado_2015	irisson@normalesup.org					1	1	
253	UVP5 Geomar 2017 m136_m138 sediment trap subset						#N/A	#N/A	
254	uvp5_sn002_iado_2020	irisson@obs-vlfr.fr	3403	uvp5_sn002_iado_2020	CC BY 4.0		#N/A	#N/A	
255	uvp5_sn210_2019_m158	rainer.kiko@obs-vlfr.fr					1	2	yes
256	uvp5_sn210_2019_m159	rainer.kiko@obs-vlfr.fr					1	2	yes
257	uvp5_sn009_en_534_mcdonnell	amcdonnell@alaska.edu	4020	uvp5_sn009_2014_en534			1	0	
259	uvp6_sn000007lp_20200924_intercalibrage		3458	uvp6_sn000007lp_20200924_intercalibrage	CC BY 4.0		#N/A	#N/A	
260	SCOPE/HOT	aewhite@hawaii.edu	3460	SCOPE/HOT			#N/A	#N/A	
261	uvp6_sn000111lp_20200924_intercalibrage		3501	uvp6_sn000111lp_20200924_intercalibrage	CC BY 4.0		#N/A	#N/A	
262	uvp6_sn000112lp_20200924_intercalibrage		3502	uvp6_sn000112lp_20200924_intercalibrage	CC BY 4.0		#N/A	#N/A	
263	uvp6_sn000003lp_20200924_intercalibrage		3503	uvp6_sn000003lp_20200924_intercalibrage	CC BY 4.0		#N/A	#N/A	
264	uvp6_sn000107lp_20200924_intercalibrage		3504	uvp6_sn000107lp_20200924_intercalibrage	CC BY 4.0		#N/A	#N/A	
265	uvp6_sn000001lp_20201001_intercalibrage		3505	uvp6_sn000001lp_20201001_intercalibrage	CC BY 4.0		#N/A	#N/A	
266	uvp6_sn000109lp_20201001_intercalibrage		3506	uvp6_sn000109lp_20201001_intercalibrage	CC BY 4.0		#N/A	#N/A	
267	uvp6_sn000123lp_20201001_intercalibrage		3507	uvp6_sn000123lp_20201001_intercalibrage	CC BY 4.0		#N/A	#N/A	
268	uvp5_sn221_algoa_bay_2020_filtered	margauxnoyon@gmail.com	3581	UVP5 Algoa Bay 2020	CC BY 4.0		#N/A	#N/A	
269	uvp6_sn000009lp_20201022_intercalibrage		3662	uvp6_sn000009lp_20201022_intercalibrage	CC BY 4.0		#N/A	#N/A	
270	uvp5_sn210_2018_msm080	rkiko@geomar.de					1	2	yes
271	uvp5_sn210_2019_m156	rkiko@geomar.de					1	2	yes
272	uvp5_sn210_2019_m157	rainer.kiko@obs-vlfr.fr					1	2	yes
273	uvp5_sn210_2020_msm089	rkiko@geomar.de					1	2	yes
274		rkiko@geomar.de					#N/A	#N/A	
275	uvp5_sn210_2019_m160	rkiko@geomar.de					1	2	yes
276	uvp6_sn000003lp_20201109_seaexplorer_002		3887	uvp6_sn000003lp_20201109_seaexplorer_002	CC BY 4.0		#N/A	#N/A	
277	uvp6_sn000104lp_2020_07_float_remote								
278	uvp6_sn000103lp_2020_07_float_remote								
279	uvp6_sn000108lp_2020_07_float_remote								
280	uvp5_sn204_mosaic_primary_filtered	andreas.rogge@awi.de	3903	uvp5hd_sn204_MOSAiC	Copyright				
281	uvp5_sn008_oden2019	enter op. email	3904	uvp5_sn008_oden2019	CC BY-NC 4.0				
284	uvp6_sn000125hf_20201022_rade_test_cdt								
285	uvp6_sn000125hf_2020_solace	philip.boyd@utas.edu.au	3945	uvp6_sn000125hf_2020_solace	CC BY 4.0				
286	uvp6_sn000125hf_20201015_rade_testctd								
287	uvp5_sn205_solace_2020_2021_filtered	david.antoine@curtin.edu.au	4034	uvp5_sn205_solace_2020_2021_filtered					
288	uvp5_sn205_intercalibrage_20201001	enter op. email							
289	uvp5_sn210_intercalibrage_20210107	amanda.elineau@obs-vlfr.fr							
290	uvp6_sn000005lp_20210107_intercalibrage								
291	uvp6_sn000008lp_20210107_intercalibrage								
292	uvp6_sn000010lp_20210107_intercalibrage								
293	uvp6_sn000005lp_20201001_intercalibrage								
294	uvp6_sn000008lp_20201001_intercalibrage								
295	uvp6_sn000010lp_20201001_intercalibrage								
296	uvp6_sn000125hf_20201001_intercalibrage								
297	uvp5_sn203_2020_msm93	anya.waite@dal.ca	3990	UVP5HD sn203 MSM93 2020					
298	uvp6_sn000125hf_20210212_intercalibrage		4008	uvp6_sn000125hf_20210212_intercalibrage					
299	uvp6_sn000107lp_20210203_rade_sediment		4011	uvp6_sn000107lp_20210203_rade_sediment					
301	uvp6_sn000003lp_2021_sea002_M486	marc.picheral@obs-vlfr.fr	4028	uvp6_sn000003lp_2021_sea002_M486	Copyright				
302	UVP5 Algoa Bay 2020_NOTfiltered	margauxnoyon@gmail.com	3581	UVP5 Algoa Bay 2020	CC BY 4.0				
303	uvp6_sn000003lp_2021_sea002_m487	marc.picheral@obs-vlfr.fr	4041	uvp6_sn000003lp_2021_sea002_m487					
304	uvp6_sn000139lp_202103_intercalibrage	marc.picheral@obs-vlfr.fr	4060	uvp6_sn000139lp_202103_intercalibrage	CC BY-NC 4.0				
305	uvp6_sn000121lp_202103_intercalibrage	marc.picheral@obs-vlfr.fr	4061	uvp6_sn000121lp_202103_intercalibrage	CC BY-NC 4.0				
306	uvp6_sn000006lp_202103_intercalibrage	marc.picheral@obs-vlfr.fr	4062	uvp6_sn000006lp_202103_intercalibrage	CC BY-NC 4.0				
307	uvp6_sn000141lp_202103_intercalibrage	marc.picheral@obs-vlfr.fr	4064	uvp6_sn000141lp_202103_intercalibrage	CC BY-NC 4.0				
308	uvp6_sn000003lp_2021_sea002_m488	marc.picheral@obs-vlfr.fr	4065	uvp6_sn000003lp_2021_sea002_m488					
309	uvp5_sn204_2021_he570_filtered	enter op. email	4105	uvp5_sn204_2021_he570_filtered	Copyright				
310	uvp5_sn210_2019_lima	rainer.kiko@obs-vlfr.fr	2465	UVP5 GEOMAR 2019 Lima					
311	uvp6_sn000003lp_2021_sea002_m489	marc.picheral@obs-vlfr.fr	4171	uvp6_sn000003lp_2021_sea002_m489					
312	uvp6_sn000133lp_20210331_intercalibrage		4177	uvp6_sn000133lp_20210331_intercalibrage	CC BY-NC 4.0				
313	uvp6_sn000139lp_20210331_intercalibrage	marc.picheral@obs-vlfr.fr							
314	uvp6_sn000132lp_20210331_intercalibrage		4184	uvp6_sn000132lp_20210331_intercalibrage	CC BY-NC 4.0				
315	uvp6_sn000105lp_20210331_intercalibrage		4186	uvp6_sn000105lp_20210331_intercalibrage	CC BY-NC 4.0				
316	uvp6_sn000119lp_20210331_intercalibrage		4189	uvp6_sn000119lp_20210331_intercalibrage	CC BY-NC 4.0				
317	uvp6_sn000136lp_20210331_intercalibrage		4195	uvp6_sn000136lp_20210331_intercalibrage	CC BY-NC 4.0				
318	uvp6_sn000140lp_20210331_intercalibrage		4196	uvp6_sn000140lp_20210331_intercalibrage	CC BY-NC 4.0				
319	uvp6_sn000147lp_20210331_intercalibrage		4198	uvp6_sn000147lp_20210331_intercalibrage	CC BY-NC 4.0				
320	uvp6_sn000135lp_20210331_intercalibrage		4199	uvp6_sn000135lp_20210331_intercalibrage	CC BY-NC 4.0				
321	uvp6_sn000009lp_20210331_intercalibrage	marc.picheral@obs-vlfr.fr	4201	uvp6_sn000009lp_20210331_intercalibrage	CC BY-NC 4.0				
322	uvp6_sn000109lp_202103_fjord_experiment_he570	rainer.kiko@obs-vlfr.fr	4205	uvp6_sn000109lp_202103_fjord_experiment_he570	CC BY-NC 4.0				
323	uvp6_sn000111lp_202103_fjord_experiment_he570	rainer.kiko@obs-vlfr.fr	4206	uvp6_sn000111lp_202103_fjord_experiment_he570	CC BY-NC 4.0				
324	uvp6_sn000112lp_202103_fjord_experiment_he570	rainer.kiko@obs-vlfr.fr	4207	uvp6_sn000112lp_202103_fjord_experiment_he570	CC BY-NC 4.0				
325	uvp6_sn000123lp_202103_fjord_experiment_he570	rainer.kiko@obs-vlfr.fr	4208	uvp6_sn000123lp_202103_fjord_experiment_he570	CC BY-NC 4.0				
326	uvp6_sn000125hf_2021_fjord_experiment_he570	rainer.kiko@obs-vlfr.fr	4515	uvp6_sn000125hf_2021_fjord_experiment_he570	CC BY-NC 4.0				
328	uvp6_sn000003lp_2021_sea002_m490	marc.picheral@obs-vlfr.fr	4211	uvp6_sn000003lp_2021_sea002_m490					
329	uvp6_sn000143lp_20210331_intercalibrage		4213	uvp6_sn000143lp_20210331_intercalibrage	CC BY-NC 4.0				
330	BATS								
331	uvp6_sn000107lp_20210316_hippo	valentin.siebert@univ-brest.fr	4275	uvp6_sn000107lp_20210316_hippo					
332	uvp6_sn000003lp_2021_sea002_m491	marc.picheral@obs-vlfr.fr	4282	uvp6_sn000003lp_2021_sea002_m491					
333	uvp6_sn000009lp_20210421_intercalibrage	marc.picheral@imev-mer.fr	4308	uvp6_sn000009lp_20210421_intercalibrage	CC BY-NC 4.0				
334	uvp6_sn000109lp_20210421_intercalibrage	marc.picheral@imev-mer.fr	4309	uvp6_sn000109lp_20210421_intercalibrage	CC BY-NC 4.0				
335	uvp6_sn000123lp_20210421_intercalibrage	marc.picheral@imev-mer.fr	4310	uvp6_sn000123lp_20210421_intercalibrage	CC BY-NC 4.0				
336	uvp6_sn000125hf_20210421_intercalibrage	marc.picheral@imev-mer.fr	4311	uvp6_sn000125hf_20210421_intercalibrage	CC BY-NC 4.0				
337	uvp6_sn000143lp_20210421_intercalibrage	marc.picheral@imev-mer.fr	4316	uvp6_sn000143lp_20210421_intercalibrage	CC BY-NC 4.0				
338	uvp5_sn202_ps124_cosmus_filtered	andreas.rogge@awi.de	4317	uvp5_sn202_ps124_cosmus_filtered	Copyright				
339	uvp6_sn000007lp_202102_ps124_drifting_traps	andreas.rogge@awi.de	4321	uvp6_sn000007lp_202102_ps124_drifting_traps	Copyright				
341	uvp6_sn000007lp_2021_ps124_eddy_lander	andreas.rogge@awi.de	4323	uvp6_sn000007lp_2021_ps124_eddy_lander	Copyright				
342	uvp6_sn000001lp_20210430_basintest		4325	uvp6_sn000001lp_20210430_basintest					
343	uvp6_sn000003lp_2021_sea002_m493	marc.picheral@obs-vlfr.fr	4360	uvp6_sn000003lp_2021_sea002_m493					
344	uvp6_sn000125hf_20210519_intercalibrage		4402	uvp6_sn000125hf_20210519_intercalibrage	CC BY-NC 4.0				
345	uvp6_sn000115lp_20210519_intercalibrage		4403	uvp6_sn000115lp_20210519_intercalibrage					
346	uvp5_sn200_perle4_2021_filtered	demadron@univ-perp.fr	4412	UVP5 PERLE 04 2021 (sn200_filtered)					
347	uvp6_sn000003lp_2021_sea002_m494	marc.picheral@obs-vlfr.fr	4448	uvp6_sn000003lp_2021_sea002_m494					
348	uvp5_sn207_2021_a22	amcdonnell@alaska.edu	4458	uvp5_sn207_2021_a22					
350	uvp6_sn000111lp_20210602_intercalibrage								
351	uvp6_sn000112lp_20210602_intercalibrage								
352	uvp6_sn000126hf_20210602_intercalibrage	marc.picheral@imev-mer.fr	4493	uvp6_sn000126hf_20210602_intercalibrage	CC BY-NC 4.0				
353	uvp6_sn000127hf_20210602_intercalibrage		4494	uvp6_sn000127hf_20210602_intercalibrage	CC BY-NC 4.0				
354	uvp6_sn000128hf_20210602_intercalibrage	marc.picheral@imev-mer.fr	4495	uvp6_sn000128hf_20210602_intercalibrage	CC BY-NC 4.0				
355	uvp6_sn000101lp_2020_float_triatlas	lars.stemmann@obs-vlfr.fr							
356	uvp6_sn000101lp_2020_float_triatlas_remote	lars.stemmann@obs-vlfr.fr							
357		lars.stemmann@obs-vlfr.fr							
358	uvp6_sn000113lp_2020_float_triatlas_remote	lars.stemmann@obs-vlfr.fr							
361	uvp6_sn000124lp_20210617_intercalibrage		4517	uvp6_sn000124lp_20210617_intercalibrage	CC BY-NC 4.0				
362	uvp6_sn000148lp_20210617_intercalibrage		4518	uvp6_sn000148lp_20210617_intercalibrage	CC BY-NC 4.0				
363	uvp5_sn205_export_2021_filtered	rainer.kiko@imev-mer.fr	4521	uvp5_sn205_export_2021_filtered					
364	uvp6_sn000112lp_2021_export	rainer.kiko@imev-mer.fr	4541	uvp6_sn000112lp_200m_2021_export	CC BY-NC 4.0				
365	uvp6_sn000111lp_2021_export	rainer.kiko@imev-mer.fr	4543	uvp6_sn000111lp_100m_2021_export	CC BY-NC 4.0				
366	uvp6_sn000003lp_2021_sea002_m495	marc.picheral@obs-vlfr.fr	4545	uvp6_sn000003lp_2021_sea002_m495					
367	uvp6_sn000003lp_2021_sea002_m496	marc.picheral@obs-vlfr.fr	4551	uvp6_sn000003lp_2021_sea002_m496					
368	Party	leo.berline@mio.osupytheas.fr							
369	uvp5_sn009_skq202106s	amcdonnell@alaska.edu	4624	uvp5_sn009_skq202106s					
370	uvp5_sn009_skq202110s	amcdonnell@alaska.edu	4623	uvp5_sn009_skq202110s					
371	uvp5_sn203_nasa_exports_north_atlantic_2021	amcdonnell@alaska.edu	4661	uvp5_sn203_nasa_exports_north_atlantic_2021					
374	M108_aa_exp_test1	rkiko@geomar.de							
375	uvp6_sn000001lp_20210607_limite_turbidite		4600	uvp6_sn000001lp_20210607_limite_turbidite					
376	sn203_msm94_calibration_test1	rainer.kiko@obs-vlfr.fr							
377	sn203_msm94_calibration_test1	rainer.kiko@obs-vlfr.fr							
378	calibration_test_1_uvp5_sn203_greenedge_2016	lars.stemmann@obs-vlfr.fr							
379	Planktoscope_2021_export_ctd	laetitia.drago@imev-mer.fr							
380	uvp6_sn000110lp_2021_float_remote								
381	uvp6_sn000006lp_2021_SG150_sfi_harvest	sunnje.basedow@uit.no	4791	uvp6_sn000006lp_2021_SG150_sfi_harvest					
382	uvp6_sn000141lp_202107_ccelter_2021_p2107_c1150_vig	tristan.biard@univ-littoral.fr	4862	uvp6_sn000141lp_202107_ccelter_2021_p2107_c1150_vig					
383	uvp6_sn000147lp_202107_ccelter_2021_p2107_c1400_vig	tristan.biard@univ-littoral.fr	4842	uvp6_sn000147lp_202107_ccelter_2021_p2107_c1450_vig					
385	uvp6_sn000141lp_202107_ccelter_2021_p2107_c3150_vig	tristan.biard@univ-littoral.fr	4873	uvp6_sn000141lp_202107_ccelter_2021_p2107_c3150_vig					
386	uvp6_sn000147lp_202107_ccelter_2021_p2107_c3400_vig	tristan.biard@univ-littoral.fr	4875	uvp6_sn000147lp_202107_ccelter_2021_p2107_c3450_vig					
387	uvp6_sn000130hf_20210927_intercalibrage		4887	uvp6_sn000130hf_20210927_intercalibrage					
388	/uvp6_sn000150hf_20210927_intercalibrage		4888	/uvp6_sn000150hf_20210927_intercalibrage					
389	uvp6_sn000008lp_20210927_intercalibrage		4903	uvp6_sn000008lp_20210927_intercalibrage					
393	uvp6_sn000003lp_20210927_intercalibrage		4932	uvp6_sn000003lp_20210927_intercalibrage	CC0 1.0				
394	uvp5_sn002_iado_2021	irisson@obs-vlfr.fr	4933	uvp5_sn002_iado_2021	Copyright				
395	uvp6_sn000106lp_20210927_intercalibrage		4940	uvp6_sn000106lp_20210927_intercalibrage	CC0 1.0				
396	uvp6_sn000135lp_20210927_intercalibrage		4941	uvp6_sn000135lp_20210927_intercalibrage	CC BY-NC 4.0				
397	uvp6_sn000144lp_20210927_intercalibrage		4942	uvp6_sn000144lp_20210927_intercalibrage	CC BY-NC 4.0				
398	uvp6_sn000130hf_20210929_intercalibrage		4943	uvp6_sn000130hf_20210929_intercalibrage	CC BY-NC 4.0				
400	uvp6_sn000006lp_2021_SG150_PolarFront		4952	uvp6_sn000006lp_2021_SG150_PolarFront	CC BY-NC 4.0				
401	uvp6_sn000001lp_202108_HE582	moritz.holtappels@awi.de	4978	uvp6_sn000001lp_202108_HE582					
402	uvp6_sn000126hf/uvp6_sn00126-hf_20210801_sas_21	pauline.snoeijs-leijonmalm@su.se	4993	uvp6_sn00126-hf_20210801_sas_21					
403	uvp6_sn000102lp_2021_sg2105	kbuesseler@whoi.edu	5011	uvp6_sn000102lp_2021_sg2105	CC BY 4.0				
406	uvp6_sn000102lp_202107_otz_ar59	kbuesseler@whoi.edu	5014	uvp6_sn000102lp_202107_otz_ar59					
409	uvp6_sn000102lp_2021_whoidock042021	kbuesseler@whoi.edu	5025	uvp6_sn000102lp_2021_whoidock042021					
410	uvp6_sn000102lp_2021_whoidock042021	kbuesseler@whoi.edu	5026	uvp6_sn000102lp_2021_whoidock042021					
411	uvp6_sn000002lp_201909_m158	rainer.kiko@imev-mer.fr	5031	uvp6_sn000002lp_201909_m158					
412	uvp6_sn000004lp_201909_m158	rainer.kiko@imev-mer.fr	5033	uvp6_sn000004lp_201909_m158					
413	uvp6_sn00126-hf_20210801_sas_21_time_series	pauline.snoeijs-leijonmalm@su.se	5037	uvp6_sn00126-hf_20210801_sas_21_time_series					
414	uvp6_sn000130hf_2021_darkedge	marc.picheral@imev-mer.fr	5108	uvp6_sn000130hf_2021_darkedge					
415	uvp6_sn000129lp_2021_testre	marc.picheral@imev-mer.fr							
416	uvp6_sn000129lp_2021_testre_remote	marc.picheral@imev-mer.fr							